content_url,info,name,price,start_year,url
https://s5.xinstatic.com/www/img/default.png,由西南仓运往滨州,奔驰 A级 2011款 1.5 自动 A160,9.04万,2012年,
https://s5.xinstatic.com/www/img/default.png,由华北仓运往滨州,奔驰 C级 2013款 1.8T 自动 C180经典型CGI,13.57万,2013年,
https://s5.xinstatic.com/www/img/default.png,由华中仓运往滨州,奔驰 B级 2009款 2.0 自动 B200时尚型,9.08万,2011年,
https://s5.xinstatic.com/www/img/default.png,由华中仓运往滨州,奔驰 A级 2011款 1.5 自动 A160,9.04万,2012年,
https://s5.xinstatic.com/www/img/default.png,由华东仓运往滨州,奔驰 B级 2009款 2.0 自动 B200时尚型,9.00万,2011年,
https://s5.xinstatic.com/www/img/default.png,由华北仓运往滨州,奔驰 C级 2011款 1.6T 自动 C180K经典型,12.73万,2012年,
https://s5.xinstatic.com/www/img/default.png,由华北仓运往滨州,奔驰 C级 2011款 1.6T 自动 C180K经典型,12.87万,2012年,
https://s5.xinstatic.com/www/img/default.png,由华北仓运往滨州,奔驰 C级 2011款 1.6T 自动 C180K经典型,13.38万,2012年,
https://s5.xinstatic.com/www/img/default.png,由华北仓运往滨州,奔驰 A级 2013款 1.6T 自动 A180时尚型,12.75万,2013年,
https://s5.xinstatic.com/www/img/default.png,由华东仓运往滨州,奔驰 A级 2011款 1.5 自动 A160,7.51万,2011年,
https://s5.xinstatic.com/www/img/default.png,由华东仓运往滨州,奔驰 B级 2009款 2.0 自动 B200时尚型,9.06万,2011年,
https://s5.xinstatic.com/www/img/default.png,由华东仓运往滨州,奔驰B级2009款 2.0 自动 B200时尚型,8.95万,2011年,
https://s5.xinstatic.com/www/img/default.png,由华东仓运往滨州,奔驰 B级 2012款 1.6T 自动 B180,11.41万,2013年,
https://s5.xinstatic.com/www/img/default.png,由东北仓运往滨州,奔驰 A级 2011款 1.5 自动 A160,7.03万,2011年,
https://s5.xinstatic.com/www/img/default.png,由西北仓运往滨州,奔驰C级2010款 1.8T 自动 C200K标准型,9.93万,2010年,
https://s5.xinstatic.com/www/img/default.png,由华东仓运往滨州,奔驰 A级 2011款 1.5 自动 A160,10.00万,2012年,
https://s5.xinstatic.com/www/img/default.png,由西北仓运往滨州,奔驰 B级 2012款 1.6T 自动 B180,14.07万,2014年,
https://s5.xinstatic.com/www/img/default.png,由华北仓运往滨州,奔驰 C级 2010款 1.6T 自动 C180K经典型,9.78万,2010年,
https://s5.xinstatic.com/www/img/default.png,由华北仓运往滨州,奔驰 C级 2011款 1.8T 自动 C200时尚型CGI,14.07万,2012年,
https://s5.xinstatic.com/www/img/default.png,由东北仓运往滨州,奔驰 C级 2008款 1.8T 自动 C200K标准型,9.74万,2009年,
https://s5.xinstatic.com/www/img/default.png,由华北仓运往滨州,奔驰 C级 2013款 1.8T 自动 C180经典型Grand Edition,14.06万,2014年,
https://s5.xinstatic.com/www/img/default.png,由东北仓运往滨州,奔驰 C级 2010款 1.8T 自动 C200K时尚型,9.00万,2009年,
https://s5.xinstatic.com/www/img/default.png,由华东仓运往滨州,奔驰 A级 2011款 1.7 自动 A180,9.66万,2012年,
https://s5.xinstatic.com/www/img/default.png,由华中仓运往滨州,奔驰 B级 2009款 2.0 自动 B200时尚型,9.56万,2011年,
https://s5.xinstatic.com/www/img/default.png,由西南仓运往滨州,奔驰 A级 2013款 1.6T 自动 A180时尚型,13.98万,2014年,
https://s5.xinstatic.com/www/img/default.png,由华东仓运往滨州,奔驰 B级 2012款 1.6T 自动 B180,13.99万,2014年,
https://s5.xinstatic.com/www/img/default.png,由华东仓运往滨州,奔驰 B级 2012款 1.6T 自动 B200,13.91万,2014年,
https://s5.xinstatic.com/www/img/default.png,由东北仓运往滨州,奔驰 B级 2009款 2.0 自动 B200时尚型,9.49万,2012年,
https://s5.xinstatic.com/www/img/default.png,由东北仓运往滨州,奔驰 C级 2010款 1.6T 自动 C180K经典型,9.51万,2010年,
https://s5.xinstatic.com/www/img/default.png,由华中仓运往滨州,奔驰C级2011款 1.8T 自动 C200时尚型CGI,12.99万,2011年,
https://s5.xinstatic.com/www/img/default.png,由东北仓运往滨州,奔驰 C级 2013款 1.8T 自动 C180经典型Grand Edition,15.85万,2014年,
https://s5.xinstatic.com/www/img/default.png,由华北仓运往滨州,奔驰 B级 2012款 1.6T 自动 B180,13.86万,2014年,
https://s5.xinstatic.com/www/img/default.png,由西北仓运往滨州,奔驰 C级 2011款 1.8T 自动 C200优雅型CGI,12.81万,2011年,
https://s5.xinstatic.com/www/img/default.png,由东北仓运往滨州,奔驰 B级 2012款 1.6T 自动 B200,15.80万,2015年,
https://s5.xinstatic.com/www/img/default.png,由华东仓运往滨州,奔驰 C级 2010款 2.5 自动 C260时尚型,12.69万,2010年,
https://s5.xinstatic.com/www/img/default.png,由华南仓运往滨州,奔驰 C级 2011款 1.8T 自动 C200时尚型CGI,15.78万,2012年,
https://s5.xinstatic.com/www/img/default.png,由华北仓运往滨州,奔驰 C级 2013款 1.8T 自动 C180经典型CGI,15.67万,2013年,
https://s5.xinstatic.com/www/img/default.png,由华中仓运往滨州,奔驰 C级 2010款 1.8T 自动 C200优雅型CGI,12.08万,2011年,
https://s5.xinstatic.com/www/img/default.png,由华北仓运往滨州,奔驰 C级 2013款 1.8T 自动 C260时尚型CGI,15.66万,2013年,
https://s5.xinstatic.com/www/img/default.png,由华北仓运往滨州,奔驰 C级 2010款 1.8T 自动 C200时尚型CGI,12.05万,2011年,
https://s5.xinstatic.com/www/img/default.png,由华中仓运往滨州,奔驰 A级 2015款 1.6T 自动 A200时尚型,15.62万,2015年,
https://s5.xinstatic.com/www/img/default.png,由华南仓运往滨州,奔驰 C级 2010款 1.8T 自动 C200时尚型CGI,12.17万,2011年,
https://s5.xinstatic.com/www/img/default.png,由华东仓运往滨州,奔驰 A级 2015款 1.6T 自动 A180标准型,15.42万,2015年,
https://s5.xinstatic.com/www/img/default.png,由华北仓运往滨州,奔驰 C级 2011款 1.6T 自动 C180K经典型,12.05万,2012年,
https://s5.xinstatic.com/www/img/default.png,由华东仓运往滨州,奔驰 C级 2013款 1.8T 自动 C180经典型Grand Edition,15.31万,2014年,
https://s5.xinstatic.com/www/img/default.png,由华南仓运往滨州,奔驰 C级 2011款 1.6T 自动 C180K经典型,11.97万,2011年,
https://s5.xinstatic.com/www/img/default.png,由华中仓运往滨州,奔驰 E级三厢 2010款 1.8T 自动 E260时尚型,15.95万,2010年,
https://s5.xinstatic.com/www/img/default.png,由华北仓运往滨州,奔驰 B级 2015款 1.6T 自动 B200动感型,16.88万,2016年,
https://s5.xinstatic.com/www/img/default.png,由华东仓运往滨州,奔驰 E级 2010款 1.8T 自动 E260L优雅型CGI,15.91万,2011年,
https://s5.xinstatic.com/www/img/default.png,由华北仓运往滨州,奔驰 C级 2011款 1.8T 自动 C200优雅型CGI,16.87万,2013年,
https://s5.xinstatic.com/www/img/default.png,由华北仓运往滨州,奔驰 C级旅行车 2011款 1.8T 自动 C200时尚版,16.87万,2012年,
https://s5.xinstatic.com/www/img/default.png,由华北仓运往滨州,奔驰 C级 2013款 1.8T 自动 C260优雅型CGI,16.86万,2013年,
https://s5.xinstatic.com/www/img/default.png,由东北仓运往滨州,奔驰 GLK级 2010款 3.0 自动 GLK300时尚型,15.88万,2011年,
https://s5.xinstatic.com/www/img/default.png,由东北仓运往滨州,奔驰 E级 2011款 1.8T 自动 E200L优雅型CGI,15.31万,2011年,
https://s5.xinstatic.com/www/img/default.png,由华东仓运往滨州,奔驰GLK级2011款 3.0 自动 GLK300动感型,15.73万,2011年,
https://s5.xinstatic.com/www/img/default.png,由华北仓运往滨州,奔驰 C级 2013款 1.8T 自动 C260时尚型CGI,16.85万,2013年,
https://s5.xinstatic.com/www/img/default.png,由华南仓运往滨州,奔驰 唯雅诺 2010款 2.5 自动 尊贵版,15.20万,2011年,
https://s5.xinstatic.com/www/img/default.png,由华中仓运往滨州,奔驰 A级 2016款 1.6T 自动 A180,16.80万,2016年,
https://s5.xinstatic.com/www/img/default.png,由华东仓运往滨州,奔驰 E级 2011款 1.8T 自动 E200L优雅型CGI,15.12万,2011年,
https://s5.xinstatic.com/www/img/default.png,由华东仓运往滨州,奔驰 B级 2015款 1.6T 自动 B200时尚型,16.68万,2016年,
https://s5.xinstatic.com/www/img/default.png,由东北仓运往滨州,奔驰 GLK级 2010款 3.0 自动 GLK300时尚型,15.01万,2010年,
https://s5.xinstatic.com/www/img/default.png,由华东仓运往滨州,奔驰 ML级 2010款 3.0 自动 ML300,19.91万,2010年,
https://s5.xinstatic.com/www/img/default.png,由华南仓运往滨州,奔驰 GLA级 2015款 1.6T 自动 GLA200动感型前驱,18.18万,2015年,
https://s5.xinstatic.com/www/img/default.png,由华东仓运往滨州,奔驰 E级Coupe 2010款 1.8T 自动 E260,19.09万,2011年,
https://s5.xinstatic.com/www/img/default.png,由东北仓运往滨州,奔驰 E级 2010款 3.0 自动 E300L时尚型,18.86万,2011年,
https://s5.xinstatic.com/www/img/default.png,由华南仓运往滨州,奔驰 B级 2017款 1.6T 自动 B200时尚型,18.18万,2017年,
https://s5.xinstatic.com/www/img/default.png,由西南仓运往滨州,奔驰 GLA级 2015款 1.6T 自动 GLA200动感型前驱,18.08万,2015年,
https://s5.xinstatic.com/www/img/default.png,由华东仓运往滨州,奔驰E级Coupe2010款 1.8T 自动 E260,18.69万,2011年,
https://s5.xinstatic.com/www/img/default.png,由华北仓运往滨州,奔驰 GLA级 2016款 1.6T 自动 GLA200动感型前驱,18.06万,2016年,
https://s5.xinstatic.com/www/img/default.png,由西南仓运往滨州,奔驰 E级Coupe 2010款 1.8T 自动 E260,18.54万,2011年,
https://s5.xinstatic.com/www/img/default.png,由东北仓运往滨州,奔驰 B级 2015款 1.6T 自动 B200动感型,17.98万,2016年,
https://s5.xinstatic.com/www/img/default.png,由华北仓运往滨州,奔驰 B级 2015款 1.6T 自动 B200动感型,17.87万,2017年,
https://s5.xinstatic.com/www/img/default.png,由华北仓运往滨州,奔驰 SLK级 2010款 1.8T 自动 SLK200K,17.27万,2011年,
